{
  "E:/REF_FOLDER_TEST2/ANDR7874.jpg": {
    "filename": "ANDR7874.jpg",
    "width": 3834,
    "height": 5751,
    "size_mb": 8.21,
    "created": 1765116179.382533,
    "modified": 1765116194.8794909
  },
  "E:/REF_FOLDER_TEST2/ANDR7880.jpg": {
    "filename": "ANDR7880.jpg",
    "width": 3874,
    "height": 5811,
    "size_mb": 8.35,
    "created": 1765116276.7064161,
    "modified": 1765116280.9116414
  },
  "E:/REF_FOLDER_TEST2/ANDR7905.jpg": {
    "filename": "ANDR7905.jpg",
    "width": 3383,
    "height": 5074,
    "size_mb": 6.61,
    "created": 1765116376.594923,
    "modified": 1765116380.0078492
  },
  "E:/REF_FOLDER_TEST2/ANDR7945.jpg": {
    "filename": "ANDR7945.jpg",
    "width": 5915,
    "height": 3943,
    "size_mb": 9.04,
    "created": 1765116472.5165153,
    "modified": 1765116475.6018496
  },
  "E:/REF_FOLDER_TEST2/ANDR8270.jpg": {
    "filename": "ANDR8270.jpg",
    "width": 3915,
    "height": 5872,
    "size_mb": 8.52,
    "created": 1765116590.984669,
    "modified": 1765116596.2974346
  },
  "E:/REF_FOLDER_TEST2/ANDR8284.jpg": {
    "filename": "ANDR8284.jpg",
    "width": 3722,
    "height": 5583,
    "size_mb": 7.85,
    "created": 1765116652.726211,
    "modified": 1765116655.8096323
  },
  "E:/REF_FOLDER_TEST2/ANDR8291.jpg": {
    "filename": "ANDR8291.jpg",
    "width": 4000,
    "height": 6000,
    "size_mb": 9.19,
    "created": 1765116702.2529283,
    "modified": 1765117141.1004076
  },
  "E:/REF_FOLDER_TEST2/ANDR8328.jpg": {
    "filename": "ANDR8328.jpg",
    "width": 3957,
    "height": 5935,
    "size_mb": 9.82,
    "created": 1765116752.223704,
    "modified": 1765117138.7651622
  },
  "E:/REF_FOLDER_TEST2/ANDR8345.jpg": {
    "filename": "ANDR8345.jpg",
    "width": 3901,
    "height": 5852,
    "size_mb": 8.74,
    "created": 1765117000.4971633,
    "modified": 1765117136.7968035
  },
  "E:/REF_FOLDER_TEST2/ANDR8410.jpg": {
    "filename": "ANDR8410.jpg",
    "width": 3821,
    "height": 5731,
    "size_mb": 8.63,
    "created": 1765117130.917586,
    "modified": 1765117134.7569852
  },
  "E:/REF_FOLDER_TEST2/ANDR8419.jpg": {
    "filename": "ANDR8419.jpg",
    "width": 5438,
    "height": 3625,
    "size_mb": 7.5,
    "created": 1765117166.7953253,
    "modified": 1765117169.813607
  },
  "E:/REF_FOLDER_TEST2/ANDR8423.jpg": {
    "filename": "ANDR8423.jpg",
    "width": 3945,
    "height": 5917,
    "size_mb": 9.26,
    "created": 1765117243.9324286,
    "modified": 1765117380.7732034
  },
  "E:/REF_FOLDER_TEST2/ANDR8424.jpg": {
    "filename": "ANDR8424.jpg",
    "width": 4000,
    "height": 6000,
    "size_mb": 9.77,
    "created": 1765117213.435213,
    "modified": 1765117383.4781716
  },
  "E:/REF_FOLDER_TEST2/ANDR8427.jpg": {
    "filename": "ANDR8427.jpg",
    "width": 3974,
    "height": 5961,
    "size_mb": 9.22,
    "created": 1765117191.752899,
    "modified": 1765117385.4009335
  },
  "E:/REF_FOLDER_TEST2/ANDR8972.jpg": {
    "filename": "ANDR8972.jpg",
    "width": 5800,
    "height": 3867,
    "size_mb": 11.2,
    "created": 1765117362.0584145,
    "modified": 1765117378.8028865
  }
}